Company,R&D Spend,Marketing Spend,Admin Spend,Product Cost,Revenue,Profit
Company_1,129934,241980,43248,102304,448190,73643
Company_2,117234,227739,48554,128490,498127,73198
Company_3,132953,201788,42075,139659,501081,53065
Company_4,150460,180591,46920,197192,528357,75048
Company_5,115316,220946,31063,163913,417988,90992
Company_6,115317,211804,52132,116612,535554,60886
Company_7,151584,226855,50012,162150,337736,95727
Company_8,135348,219055,41829,111317,462206,87316
Company_9,110610,231486,56592,177067,470703,68986
Company_10,130851,183942,59375,138221,537999,77877
Company_11,110731,239521,33924,147659,501357,103974
Company_12,110685,205927,42372,183144,415666,91003
Company_13,124839,262257,42308,117820,440900,80131
Company_14,81734,179324,40600,115072,511920,76434
Company_15,85501,252078,58294,135410,495255,81149
Company_16,108754,205937,48061,175959,465252,72323
Company_17,99743,180457,47354,112016,471149,48428
Company_18,126284,185483,29961,79196,541770,110632
Company_19,101839,190389,56354,138721,468938,82329
Company_20,91753,212724,37607,163793,494714,85972
Company_21,149312,215685,50599,180006,630196,79131
Company_22,115484,182788,52773,138420,414579,68973
Company_23,121350,199269,63606,139714,388889,77211
Company_24,91505,264268,36911,178847,547015,56009
Company_25,109112,251826,19804,103256,459281,114156
Company_26,122218,213089,51838,140286,480905,61482
Company_27,96980,201140,68005,154760,453130,64520
Company_28,127513,203600,62389,161230,484411,73396
Company_29,107987,218405,52096,137254,595912,99321
Company_30,114166,169316,45083,150861,548127,80217
Company_31,107965,192278,58071,87791,551733,61457
Company_32,157045,149942,40264,133543,415026,98815
Company_33,119730,211976,54763,161337,430930,90965
Company_34,98845,219415,55054,125442,329655,88076
Company_35,136450,185504,60602,151474,451437,90736
Company_36,95583,247219,77596,161171,557402,115915
Company_37,124177,163227,53924,141436,531016,112776
Company_38,80806,156068,44910,154261,486709,69699
Company_39,93436,206733,49744,125931,498661,104358
Company_40,123937,231412,32309,144834,458666,85747
Company_41,134769,250517,43052,165255,512285,87486
Company_42,123427,186233,45907,153924,545952,54615
Company_43,117687,232360,44759,135336,403046,77444
Company_44,113977,198844,51523,155605,517978,67807
Company_45,90429,194821,41775,167865,555946,92420
Company_46,105603,226509,61210,98751,475093,96066
Company_47,110787,219569,50002,178976,542042,48882
Company_48,141142,152708,49906,141593,668879,79669
Company_49,126872,244296,46721,160637,493739,96827
Company_50,84739,241402,51551,179931,523598,77199
Company_51,126481,181233,58250,115708,455716,90935
Company_52,112298,211874,41328,132263,510875,85267
Company_53,106461,214820,43418,142786,527616,85124
Company_54,132233,207820,46962,130406,511690,75930
Company_55,140619,183490,36541,193373,438818,61751
Company_56,138625,179851,41807,128580,512381,63177
Company_57,103215,199233,45237,136111,587731,90640
Company_58,113815,235181,58743,155109,526918,80291
Company_59,126625,216308,52625,119946,557719,77922
Company_60,139510,188881,51935,140107,485779,73641
Company_61,110416,223150,58508,157936,544994,75422
Company_62,116286,114543,48626,141678,516756,95703
Company_63,97873,234462,53904,147665,442945,74971
Company_64,96075,147808,48967,136766,519111,59884
Company_65,136250,189126,52653,112138,440498,91154
Company_66,147124,166409,44172,158039,462027,76926
Company_67,118559,161159,25611,193873,511359,80470
Company_68,140070,234824,48657,150460,517834,104113
Company_69,127232,185968,64227,155631,428646,79691
Company_70,107097,210395,59262,167318,563239,84337
Company_71,127227,198592,59653,118266,534320,62316
Company_72,150760,214311,62361,192562,457716,76704
Company_73,119283,202304,50886,155058,407744,89142
Company_74,151292,161510,51973,190796,491305,56669
Company_75,67605,229888,43823,131674,473243,83012
Company_76,136438,185187,46839,195451,506788,81511
Company_77,121740,153302,56157,169378,478213,80619
Company_78,114019,187156,62038,163826,379552,95557
Company_79,121835,245022,48605,155850,476699,85016
Company_80,80248,225506,45498,143786,481662,102171
Company_81,115606,189540,50005,180013,538019,65096
Company_82,127142,189522,56012,153508,458108,82038
Company_83,149557,190350,35561,100823,600720,81267
Company_84,109634,262302,27038,122070,385301,63961
Company_85,103830,211458,44494,145353,578670,94344
Company_86,109964,212901,37792,157749,486540,114870
Company_87,138308,230908,44918,148585,551575,79744
Company_88,126575,207163,48522,180474,504788,87575
Company_89,109404,192228,45467,101222,568373,81267
Company_90,130265,194109,64524,153589,476758,69296
Company_91,121941,197851,53267,104550,434082,52688
Company_92,139372,198883,53004,168992,585230,69413
Company_93,105958,221828,56222,147638,493191,59120
Company_94,113446,201558,38611,160490,513293,105561
Company_95,112157,221979,60391,128402,574085,78273
Company_96,90729,197578,49242,181986,438082,74811
Company_97,125922,202359,56704,176043,535729,93337
Company_98,125221,140053,39281,164588,464606,63173
Company_99,120102,227489,34462,146762,492069,68497
Company_100,115308,210394,58178,164496,504336,81021
Company_101,91692,229940,53764,132327,409986,95431
Company_102,111587,113112,40979,171388,453269,87525
Company_103,113145,262651,41303,191237,581064,83724
Company_104,103954,195812,61254,176765,553171,81171
Company_105,116774,233245,38105,131759,496241,86003
Company_106,128081,168802,66426,159035,514587,83024
Company_107,157723,218383,40993,117671,482345,64550
Company_108,123491,168397,56383,164309,581395,80691
Company_109,125151,181286,46713,161265,487978,63894
Company_110,118511,257420,56031,103254,513910,81216
Company_111,81624,194279,44558,120955,568761,72790
Company_112,119469,206522,48372,142921,453357,118090
Company_113,121204,226102,50409,142478,593527,79401
Company_114,169264,214870,39978,119763,408172,58936
Company_115,116152,204512,57408,159724,597778,77987
Company_116,126030,210948,44867,156286,477639,87790
Company_117,119305,272102,47714,145143,485438,105100
Company_118,96626,198271,40056,131105,386599,71158
Company_119,142856,206032,24376,176217,472712,56263
Company_120,135038,231519,48089,191385,437611,92252
Company_121,135820,233165,74126,137910,463541,59291
Company_122,101812,235610,57846,134695,491761,73457
Company_123,148055,219161,49807,162280,557467,76135
Company_124,91962,165709,47371,141049,512456,78955
Company_125,131737,249002,50224,146515,518460,90337
Company_126,163809,165609,55471,168491,434268,69745
Company_127,100189,209079,38191,102266,447154,75894
Company_128,108674,177371,61143,182957,607923,79785
Company_129,121993,198075,57153,151817,455887,82243
Company_130,109930,209862,57181,139712,599372,81467
Company_131,88986,209640,54384,147769,485416,86540
Company_132,121371,212657,50196,149060,500137,92657
Company_133,98753,248411,56728,106719,564221,85889
Company_134,129471,213606,55918,187373,576313,86803
Company_135,101611,192675,46459,151033,493351,56266
Company_136,150998,228922,44263,161075,476705,80753
Company_137,104334,235684,51018,173788,496644,87192
Company_138,113558,163171,65490,124470,520277,90934
Company_139,136270,217922,37608,161836,553478,69614
Company_140,95382,221035,35324,143308,500253,70114
Company_141,124549,191073,51647,171169,537133,71388
Company_142,146142,241271,50508,96819,598301,88046
Company_143,87850,195498,51733,147522,522878,95508
Company_144,123692,203767,52439,134929,518699,73888
Company_145,125197,194807,47767,160806,408865,93619
Company_146,135636,200467,64898,161751,342156,81852
Company_147,95260,167111,33990,132309,523302,78135
Company_148,93590,156798,41715,132195,494310,76829
Company_149,130438,247835,48967,147233,469113,91199
Company_150,125939,174591,33568,127583,514611,84883
Company_151,125009,170258,48241,171049,496375,114137
Company_152,126928,135398,66614,140769,567666,67216
Company_153,106399,180831,50208,77325,505166,87771
Company_154,124645,160307,52307,140629,455184,72061
Company_155,125861,249260,37398,124036,559409,66960
Company_156,105712,230294,43836,109218,486972,79836
Company_157,157315,179355,46248,119064,531592,82060
Company_158,129476,267573,46822,152735,471355,123772
Company_159,96173,229452,62816,183216,461010,77237
Company_160,133131,190255,55576,157829,505050,63047
Company_161,100506,125017,38885,134837,500769,84095
Company_162,135741,268728,52465,161397,528789,48880
Company_163,143171,158312,54982,138522,483881,78620
Company_164,103586,150638,61401,132634,389818,80240
Company_165,139267,230677,65805,121140,474033,91919
Company_166,128255,273192,39849,106204,547629,94604
Company_167,136441,241528,41891,140251,482157,72446
Company_168,157935,216917,37424,153951,485216,77740
Company_169,115092,217842,47659,147584,559182,68508
Company_170,104925,225602,54663,139600,457281,63079
Company_171,102209,222767,59873,126356,407431,84648
Company_172,103683,208435,49240,165206,490362,60896
Company_173,118457,203126,46801,117071,470949,73780
Company_174,126823,198122,51517,169400,442025,65072
Company_175,125533,177381,41648,124944,489477,88245
Company_176,136543,191579,70895,131189,529490,107021
Company_177,120260,149211,33923,113330,499442,60476
Company_178,149070,197049,51847,137464,518418,52204
Company_179,114706,170342,70236,174382,608804,78126
Company_180,174403,166892,50067,162890,479427,80235
Company_181,132513,205396,48099,174460,516700,83279
Company_182,102856,241760,46425,163053,469447,73305
Company_183,98582,227549,48196,122408,449218,76990
Company_184,129649,152884,63728,141730,464905,85512
Company_185,115530,170311,27881,130495,471274,95606
Company_186,134280,228223,65334,183264,521568,50674
Company_187,129464,170525,35760,120080,640944,74465
Company_188,118543,193261,47333,172342,457037,83207
Company_189,103064,216501,45707,172323,475002,66230
Company_190,89703,170949,55885,195740,496212,105967
Company_191,111069,203161,34018,139757,523747,70468
Company_192,137127,159979,54621,167808,515813,79380
Company_193,124281,181958,70243,207041,577045,88340
Company_194,95085,209593,36368,134558,354416,71130
Company_195,123463,152210,51897,111623,356784,52301
Company_196,127706,213214,43380,102999,470247,73570
Company_197,102322,199410,54258,167817,565838,95441
Company_198,123074,216574,50191,102921,406061,74946
Company_199,121164,206717,43585,140692,319542,67303
Company_200,97140,240924,54878,160932,534270,93885
Company_201,127155,203756,68043,154629,514619,75038
Company_202,131215,187117,48090,160636,434587,72347
Company_203,141661,203668,57197,155557,440867,82241
Company_204,141076,216298,37067,181971,441815,91561
Company_205,92446,201465,40435,126192,506632,115725
Company_206,101243,201217,54724,133075,462421,92408
Company_207,130300,178940,64841,130683,529643,97397
Company_208,130275,180112,53556,170754,328722,72410
Company_209,130300,157921,46869,172509,448588,64611
Company_210,197054,252487,49992,161280,432436,80934
Company_211,131417,162684,37495,179587,484619,81607
Company_212,142711,179212,56045,120548,467717,63822
Company_213,139080,178447,58823,191680,547870,77370
Company_214,133027,226847,45479,188080,388439,85989
Company_215,113694,191151,45299,168390,502729,85405
Company_216,135179,237432,52658,194544,533500,87564
Company_217,104543,179795,45632,108584,611398,84364
Company_218,115263,208369,49338,136888,471094,72394
Company_219,110292,174939,70997,131617,519467,72291
Company_220,121637,264354,47529,168036,391768,62015
Company_221,166293,164372,46416,123746,356482,106771
Company_222,82654,209294,43524,168937,550686,80201
Company_223,133725,219013,57441,184263,499666,76627
Company_224,87745,212413,48187,167380,570710,66068
Company_225,110561,194441,43506,157093,417595,124034
Company_226,141779,196105,63213,125303,531194,63900
Company_227,121285,201314,64196,128828,612129,73567
Company_228,98445,195589,43995,181240,525182,86237
Company_229,105693,228916,31334,169483,516594,89003
Company_230,133591,266315,60075,149024,500513,94368
Company_231,105392,183275,43153,139552,405747,107114
Company_232,124329,158905,57906,99354,581334,87592
Company_233,120911,197351,30298,123228,463348,64159
Company_234,106967,277391,58925,197785,530268,76145
Company_235,162878,175889,37888,117988,406217,84617
Company_236,132678,249173,57307,154736,429232,111023
Company_237,79497,250331,50142,175186,586105,59032
Company_238,123729,183392,40460,118626,479161,98038
Company_239,106764,217069,45929,154617,587196,82698
Company_240,137048,248851,56863,173447,495306,92567
Company_241,104149,188626,51058,150312,389486,78470
Company_242,117705,193892,55844,221710,553524,67363
Company_243,130099,182549,69764,108285,464606,91263
Company_244,137315,169557,34357,176468,541921,89816
Company_245,95994,180521,66172,145679,501512,94580
Company_246,113309,163281,51043,169298,407412,79800
Company_247,110501,201022,41012,161032,509857,71002
Company_248,106933,176900,36696,131671,631773,56618
Company_249,155309,207013,48108,155724,529579,92290
Company_250,128099,153323,59216,103552,496548,86358
Company_251,94782,209926,48724,165081,564520,65513
Company_252,138357,225005,65111,157453,512640,71921
Company_253,162443,140187,35488,165966,512572,72998
Company_254,140649,211221,49879,176452,434502,57755
Company_255,89612,236830,37476,159190,514030,67734
Company_256,110315,163710,53636,153702,562126,62992
Company_257,145338,250177,58868,127973,449836,73812
Company_258,105846,212570,45792,132194,585469,68919
Company_259,128876,178849,23957,179668,494497,55594
Company_260,135492,198326,51989,185908,446733,110338
Company_261,101461,216749,54367,144047,559857,98788
Company_262,118809,202280,54042,151150,482792,68314
Company_263,55174,216162,62357,127384,545570,84086
Company_264,99512,172379,39289,179318,482494,86261
Company_265,114948,205080,56802,166635,496410,97866
Company_266,95044,157588,61925,198530,529613,67720
Company_267,152648,196663,32214,128041,517453,96381
Company_268,91397,172882,53196,140549,380268,71781
Company_269,111199,177934,44958,155786,432725,59962
Company_270,122614,237082,49184,166162,555764,90862
Company_271,148825,232739,53476,144608,492071,99361
Company_272,91282,218274,45127,128175,468576,118818
Company_273,143263,167230,43242,172035,418485,62004
Company_274,120204,190507,50341,168028,435215,90483
Company_275,100369,236392,39127,127093,378692,73852
Company_276,129242,204251,39141,183886,493923,91750
Company_277,123981,269579,56793,179254,464093,57942
Company_278,107995,211799,38512,153357,442004,61058
Company_279,121396,205761,56663,151989,495912,68361
Company_280,112293,190726,54625,163851,521838,81184
Company_281,122270,204006,32741,128457,625591,70383
Company_282,133242,195425,43224,150750,409286,89885
Company_283,151720,221243,61941,96190,569562,95403
Company_284,95243,228701,40188,171911,558386,88993
Company_285,162660,176420,45355,110962,453254,104281
Company_286,80958,160063,54620,187585,512194,86237
Company_287,116964,144913,57833,141746,472542,61746
Company_288,131766,215239,47484,144708,511141,100450
Company_289,125619,166899,44024,134306,590547,70922
Company_290,107546,135413,64223,142799,536336,93656
Company_291,115837,211657,67388,185463,530516,103606
Company_292,110139,274789,59788,87804,474181,86850
Company_293,108212,199817,50853,181924,410956,57557
Company_294,136992,225154,41917,158450,487491,66226
Company_295,127140,202454,41695,119824,572396,99841
Company_296,106141,197033,55225,123117,408369,77463
Company_297,137991,227572,54183,191909,436694,81193
Company_298,126145,191291,64015,126362,507576,91382
Company_299,136257,208021,56504,121166,440920,90444
Company_300,132592,209650,34969,178432,452448,84181
Company_301,103420,179957,60519,158463,474584,76869
Company_302,108796,229761,40019,126551,418062,75309
Company_303,134945,194751,46160,155415,441552,92868
Company_304,132207,177327,52502,124356,542205,88303
Company_305,119581,216095,69956,177520,421557,76140
Company_306,122346,173045,81099,176534,404127,96231
Company_307,145553,200845,56067,163300,462198,78064
Company_308,108168,199726,48168,159041,543917,67225
Company_309,130941,232576,55345,194029,488184,68615
Company_310,115956,214240,58876,149992,472125,65318
Company_311,115646,199249,46793,120453,502661,75913
Company_312,141975,224532,67952,161236,395257,98505
Company_313,136508,241706,52300,202151,529682,67923
Company_314,136270,216734,54977,124631,523006,82827
Company_315,146109,200310,56659,140963,475441,70149
Company_316,120420,160644,54215,160411,560355,76095
Company_317,133639,168046,58389,148652,432350,57349
Company_318,113794,190843,43827,125442,567674,76691
Company_319,126483,181714,44416,178046,509269,77094
Company_320,117397,194390,38998,208001,479806,88104
Company_321,121939,201699,54395,154903,498807,83349
Company_322,131903,215890,57789,127398,493564,62024
Company_323,103635,197885,54577,111275,573216,96262
Company_324,161847,214595,66744,156449,435399,83154
Company_325,99879,201934,49944,177596,454248,82975
Company_326,95716,140736,56687,161879,562178,79862
Company_327,143162,171819,39082,149939,464267,72233
Company_328,135833,195677,46129,135268,554031,83267
Company_329,132482,163709,56955,122695,601966,87133
Company_330,132566,217997,58491,170868,475892,53796
Company_331,119755,245922,47060,172844,540881,71918
Company_332,102054,236562,49284,111356,430778,76175
Company_333,121516,193596,34821,189745,545283,83842
Company_334,106456,244721,46429,164351,511965,97899
Company_335,139502,204460,58903,184989,528382,68423
Company_336,117058,189887,55752,116446,461265,72530
Company_337,103490,181597,55006,115854,400334,72311
Company_338,113572,190925,50497,146275,530195,67977
Company_339,128258,188354,50070,162569,376195,74792
Company_340,108725,205112,43396,194909,480958,91562
Company_341,103555,204817,56988,167651,556470,64192
Company_342,124873,200091,54209,143932,511513,86417
Company_343,124899,213108,54920,124340,616900,54471
Company_344,109861,235719,44739,180750,561506,71579
Company_345,110579,228486,28466,125882,460766,75057
Company_346,124640,155453,60971,190711,501638,105122
Company_347,91038,123382,45211,142890,497157,75877
Company_348,91850,228029,41372,189764,405069,46981
Company_349,105631,158993,56934,166973,443576,50016
Company_350,115731,193257,46079,146575,466354,80510
Company_351,126218,164896,60599,137015,377826,89206
Company_352,149507,145940,56170,141477,502849,85631
Company_353,137153,216243,56835,160707,485055,82513
Company_354,116801,222774,36340,151928,399626,97433
Company_355,119619,182704,62119,135154,524252,71906
Company_356,99949,122268,52612,145859,542952,93423
Company_357,119629,183612,46307,151964,513622,55519
Company_358,114226,211754,51433,96781,480555,66425
Company_359,126454,155632,32237,161454,535486,52894
Company_360,103455,205500,54086,125506,540813,75877
Company_361,130386,199540,39706,121166,518444,79306
Company_362,150654,217378,36473,107816,450523,81711
Company_363,117824,203587,34776,105152,516596,80928
Company_364,128034,170807,61126,116113,571728,66086
Company_365,133802,235897,43707,132274,464202,77146
Company_366,111975,195244,65337,198831,625876,57538
Company_367,124481,199180,44641,136853,468462,100448
Company_368,120251,172001,32926,154443,501944,75445
Company_369,121953,186701,38834,160012,459650,72666
Company_370,104539,173455,62358,153276,513396,103834
Company_371,120490,194811,48441,148063,395466,61366
Company_372,129959,251351,44517,120117,467237,63116
Company_373,149022,158842,51600,186273,434472,63556
Company_374,139185,151593,55017,195179,508120,78981
Company_375,163063,244135,61173,107933,559666,86474
Company_376,104653,193720,64484,124399,538760,91095
Company_377,137446,179927,46402,143004,357700,118579
Company_378,123666,231197,36739,125886,622524,46258
Company_379,163796,181831,45865,162649,517716,89131
Company_380,103834,254780,52602,131793,453410,71643
Company_381,103205,220337,40362,204126,509427,71203
Company_382,108012,185362,40428,179763,510571,70703
Company_383,77522,264719,53437,155314,459989,66368
Company_384,109484,181828,49513,175674,511875,105267
Company_385,104817,222262,50327,177647,463551,92634
Company_386,123007,208978,42415,135901,475738,80347
Company_387,126835,239052,47695,129594,458823,100265
Company_388,157523,246845,40757,151953,414039,57312
Company_389,139008,200960,58901,171540,508750,60039
Company_390,108461,177397,60352,153476,535117,47330
Company_391,102031,213799,31538,110575,530893,69508
Company_392,129838,179668,40704,129929,549195,82425
Company_393,93595,260401,35034,148150,519460,81542
Company_394,156629,204096,43499,148108,468036,82240
Company_395,143588,189040,49165,199313,550379,58834
Company_396,110616,205540,35503,115350,418548,92047
Company_397,85737,159586,40781,162639,445959,83594
Company_398,147077,170851,39960,187227,442147,90995
Company_399,117709,236012,52072,206786,564803,51608
Company_400,144756,180293,50693,139890,556567,84672
Company_401,88111,168592,42782,162285,529238,62183
Company_402,108012,216099,51768,164244,564315,74040
Company_403,120104,235571,44533,154887,447243,88015
Company_404,120939,221568,47283,147528,520915,81366
Company_405,110998,229881,66734,160899,492489,67226
Company_406,132456,177296,63404,86693,550812,80094
Company_407,98647,157345,37004,167051,493086,57026
Company_408,117152,245040,58297,153154,476903,97254
Company_409,122405,190319,58113,144438,532454,76920
Company_410,130288,192475,38517,201171,552570,96778
Company_411,134232,239845,58187,133126,459899,72102
Company_412,97507,216686,65379,139923,496335,72146
Company_413,89317,213676,38774,199788,436493,68537
Company_414,145553,264950,40824,129198,350116,93142
Company_415,126646,180694,60176,136247,512027,69358
Company_416,105030,227835,52714,146324,536534,89668
Company_417,151023,201710,55514,171018,515724,74263
Company_418,122313,208057,53405,155195,383026,50360
Company_419,143585,245854,53906,117684,478949,71445
Company_420,121350,215235,36735,136695,366899,62313
Company_421,161214,216148,60473,134816,582182,80508
Company_422,155106,232175,61695,148069,434836,62143
Company_423,115020,189051,47706,160646,575324,93889
Company_424,139431,174823,49565,160455,556752,78633
Company_425,132907,168655,34688,105599,445964,77336
Company_426,147372,141009,55142,176598,432032,89838
Company_427,100701,261686,55720,156314,521022,94458
Company_428,133721,166903,49378,184613,449340,79698
Company_429,141168,193362,61243,161104,506149,68431
Company_430,84825,191695,46659,177533,471030,53390
Company_431,96334,209222,55646,161663,393130,69709
Company_432,79215,224472,39803,183655,366171,70741
Company_433,114611,225814,49764,163056,513601,81605
Company_434,134350,182507,48256,147552,466306,74822
Company_435,150047,194986,52253,206810,466814,90318
Company_436,121481,208477,46304,172225,541751,70805
Company_437,152572,192539,48685,164343,570406,79144
Company_438,92397,248220,58260,118092,483647,97759
Company_439,85932,214729,45632,117792,479564,85127
Company_440,118889,222046,33934,157317,530008,79099
Company_441,127681,219886,67495,153638,418583,70970
Company_442,119346,235204,63814,134646,513389,70501
Company_443,78651,205430,37077,153524,533113,67240
Company_444,118217,161095,56897,189715,540813,71884
Company_445,93910,211990,44970,167385,383794,91334
Company_446,133393,180459,52634,121474,454318,76671
Company_447,127331,184141,52942,147212,447304,59753
Company_448,101202,217590,47655,129875,505993,106522
Company_449,109722,237148,42162,140307,528844,84799
Company_450,98815,200638,43094,139659,589802,58895
Company_451,118746,209264,40838,138058,470302,73372
Company_452,139102,251066,41681,118621,470145,81663
Company_453,100285,207222,49328,146808,568980,105568
Company_454,130080,278050,42842,135984,517794,63378
Company_455,109394,216965,56820,76763,576059,94640
Company_456,104142,147177,64872,201324,517323,100992
Company_457,117859,222600,44199,177219,430573,70570
Company_458,99295,211434,52394,140592,420012,75837
Company_459,108927,238692,54996,150470,406909,64455
Company_460,96042,220195,54720,120708,539723,76948
Company_461,159294,195846,50759,192393,571315,79451
Company_462,120705,163271,57426,197432,610961,89894
Company_463,106005,193729,54822,153917,550586,96352
Company_464,124279,174484,37623,175588,569770,68778
Company_465,117753,182584,58691,154382,465199,50490
Company_466,115580,217657,58872,116581,430615,79681
Company_467,132283,250097,42367,139704,551004,84403
Company_468,135150,211840,50379,153298,525060,83741
Company_469,109389,164123,56833,138636,506446,75099
Company_470,108483,213338,47906,144533,523242,81871
Company_471,114498,235898,60729,147715,519391,102731
Company_472,73961,181706,73638,147978,577029,85726
Company_473,89696,195979,42140,151306,577699,74399
Company_474,147337,200440,36189,123484,532653,72497
Company_475,152899,176453,53038,132074,550748,77452
Company_476,115019,219448,57215,117885,530843,104551
Company_477,131531,196371,47691,174445,472329,77250
Company_478,126225,212585,64532,97358,545393,79703
Company_479,181577,173375,36613,178839,416330,72765
Company_480,142391,186876,56929,184658,563233,96484
Company_481,117441,221671,43941,142445,428328,109397
Company_482,100889,188815,67193,84921,517148,86759
Company_483,87871,251808,69925,140967,449290,81241
Company_484,124069,188010,42333,148395,533203,80551
Company_485,104872,206740,44504,124735,497964,44235
Company_486,91554,227977,58595,137119,404314,91177
Company_487,107068,157449,46128,188254,525241,82012
Company_488,98369,147175,49545,166623,465324,86425
Company_489,153742,154230,50253,126885,552868,69328
Company_490,137632,237877,30803,110060,500079,74233
Company_491,119840,183444,49861,141824,523725,73834
Company_492,149598,276745,43102,144663,442545,95324
Company_493,121547,183072,45068,162404,464640,74318
Company_494,102774,205536,64436,136617,472481,111239
Company_495,150462,246263,37434,162787,551402,86462
Company_496,130778,260182,58132,198378,600642,60864
Company_497,99255,261845,47210,170387,451689,78071
Company_498,116193,236250,47202,148797,564610,70224
Company_499,102487,230721,57903,145421,369819,47084
Company_500,92344,217775,53400,141083,428348,103992
Company_501,138523,223350,55706,179516,442473,90547
Company_502,158188,183464,59681,134317,418849,87998
Company_503,92028,175454,46686,151130,404984,82481
Company_504,131259,199898,43877,151279,524779,59269
Company_505,106987,194894,39148,137455,487155,72745
Company_506,110257,186403,41745,115688,522764,92626
Company_507,108152,220891,79490,158074,541428,64231
Company_508,102720,228659,62446,148474,515937,42023
Company_509,120970,202652,36489,162506,539465,76593
Company_510,103380,244325,36775,136659,495828,77873
Company_511,125409,165749,54818,180520,428780,82033
Company_512,118995,194190,55472,128080,563468,90927
Company_513,115221,178495,55488,192801,464653,89564
Company_514,101848,144003,47450,106309,443864,83881
Company_515,108464,197519,48745,160869,489324,97932
Company_516,135107,196347,53278,161885,445231,57215
Company_517,130018,245403,50858,130111,474954,87568
Company_518,100448,218924,27806,160609,520643,89398
Company_519,121986,169274,47702,181987,520900,61406
Company_520,135027,255622,41485,94579,446130,57456
Company_521,86611,236631,51752,162568,470737,68810
Company_522,130867,217462,79852,87668,564459,70076
Company_523,106747,193205,53674,125858,529784,91301
Company_524,131411,171216,46864,190729,624503,70781
Company_525,104734,188833,59218,135455,570807,67154
Company_526,83902,232662,54826,120653,568657,70825
Company_527,87449,256537,54200,145051,416727,96779
Company_528,120961,246297,56068,201697,545831,80195
Company_529,125194,185334,70565,104207,496813,77311
Company_530,101913,166411,38691,123717,466941,78349
Company_531,132771,204226,54736,187435,510080,99380
Company_532,86769,146946,40736,196442,556712,68762
Company_533,118678,209695,55555,147414,530049,99732
Company_534,95779,195571,40813,119023,447291,83157
Company_535,106963,186018,45826,202396,544547,77593
Company_536,120947,152158,47049,189861,461744,117513
Company_537,102791,215408,59758,166973,513000,64165
Company_538,112308,184018,59184,129689,481798,74694
Company_539,140125,164902,37542,148774,486868,61513
Company_540,108462,113832,50549,145990,545974,94286
Company_541,136713,199174,42904,158271,437588,105337
Company_542,97405,253167,37414,186275,616711,105048
Company_543,130596,249837,47829,171985,390734,98359
Company_544,148831,186287,46915,123065,464139,77035
Company_545,70567,181933,74267,184412,522212,74521
Company_546,104062,214063,54329,157828,535058,54932
Company_547,131541,170048,36223,167176,493971,110538
Company_548,115939,209053,44352,186663,496556,87034
Company_549,127422,222982,60213,122210,524633,72620
Company_550,107920,236807,70884,149104,486135,99920
Company_551,121731,196995,34140,136713,583590,65408
Company_552,116886,193889,31200,110803,550360,86099
Company_553,143355,173660,68709,158667,552369,77410
Company_554,125088,175193,53896,212788,442030,89580
Company_555,126752,193205,41317,103998,495236,79046
Company_556,111762,211020,55346,149192,481972,58236
Company_557,110247,227407,23642,166013,439663,81133
Company_558,111348,175904,50033,153076,521609,95732
Company_559,127889,244780,53278,147171,467741,79561
Company_560,111580,191866,59242,117519,539324,91626
Company_561,125795,199358,39861,155819,435788,64317
Company_562,161508,177583,50856,131080,603142,79606
Company_563,137422,127272,40745,95251,446220,70632
Company_564,113479,226521,52553,179864,513158,91204
Company_565,144024,222105,41046,173959,547511,80472
Company_566,111838,191560,45918,151291,465761,90351
Company_567,79237,202009,40041,155726,551148,96315
Company_568,99838,215478,56511,176857,426248,90374
Company_569,82584,153123,58584,155608,587127,84096
Company_570,112969,184128,47653,172600,500848,65026
Company_571,120368,223827,50382,142562,464215,79958
Company_572,153528,162371,35514,182799,482049,72003
Company_573,126538,208806,47003,158019,548535,74839
Company_574,115617,159302,49497,154851,464932,74381
Company_575,136588,213992,76207,118248,455038,65301
Company_576,75777,198930,38880,157173,486707,50639
Company_577,124712,151546,64641,129201,429382,69977
Company_578,135417,234942,59968,134042,609232,82900
Company_579,90428,177962,52806,129615,466016,59777
Company_580,142875,175692,67586,123344,549897,80235
Company_581,126769,206017,53721,203119,512568,108504
Company_582,111694,234459,53891,183283,440927,95345
Company_583,132655,169525,49468,198009,499642,104653
Company_584,165413,201850,62235,119427,547040,85866
Company_585,123637,212864,60964,151781,488704,97512
Company_586,124964,220793,43743,117662,571586,69140
Company_587,110812,205293,36807,132607,561290,70334
Company_588,103003,188989,47970,127046,555134,38912
Company_589,136606,175172,41999,180989,472420,97792
Company_590,102878,202584,49364,140094,435209,103104
Company_591,121431,167835,62374,176709,463184,71702
Company_592,110446,112359,45426,165103,511774,76190
Company_593,129579,213096,49571,207590,532747,68692
Company_594,126673,227118,50580,113013,369705,85739
Company_595,140750,129112,58484,181480,499513,96873
Company_596,109799,169708,27531,178661,509485,53858
Company_597,114602,218574,43932,125665,483347,86141
Company_598,100424,261724,52112,175178,577476,75849
Company_599,111114,200623,62000,158403,525306,81700
Company_600,127546,178159,45080,144313,578611,86884
Company_601,135139,194513,31234,129401,487042,77176
Company_602,101556,241246,56197,132022,556248,78446
Company_603,137392,180621,43646,201245,598103,76791
Company_604,147112,176024,38103,150017,578701,94554
Company_605,128268,185517,43756,169553,434471,86281
Company_606,157535,171400,48154,130227,484779,83308
Company_607,104524,203680,43952,130503,479290,60935
Company_608,95106,248740,27944,177049,529355,74321
Company_609,84425,209692,58970,116260,541181,93480
Company_610,149920,192429,62748,139619,449666,80565
Company_611,133087,191245,56515,150850,504070,89892
Company_612,118888,153104,38623,152784,378804,106497
Company_613,125599,226493,47985,145522,586516,95579
Company_614,97490,197664,49934,159895,469257,81397
Company_615,168915,194585,55987,167321,503351,72335
Company_616,122584,295793,56683,168365,481421,41696
Company_617,122187,208962,42658,125354,568761,77474
Company_618,134515,177446,50819,142896,329749,75109
Company_619,129620,187209,54572,179869,499003,85855
Company_620,124477,234453,64558,172366,493650,77691
Company_621,104190,203398,57045,115678,472781,75194
Company_622,129429,156851,57890,158786,603573,53309
Company_623,157640,227576,50838,100544,446760,65900
Company_624,146908,179955,64104,151173,546307,87149
Company_625,151863,256198,54097,197444,521375,105738
Company_626,109775,232401,41389,126302,575691,78537
Company_627,100207,186580,64033,129141,459968,84917
Company_628,117484,238430,56979,169100,456021,94287
Company_629,121114,202035,45569,111429,565764,67836
Company_630,141883,225583,45205,134181,525519,85502
Company_631,86150,214541,52965,164911,407303,68892
Company_632,150591,174609,54631,134142,467641,92972
Company_633,116839,180693,51972,144100,523182,82271
Company_634,111462,230898,53113,168604,550265,84476
Company_635,99757,189956,66999,160538,459246,68261
Company_636,86902,187890,60715,156670,325144,90605
Company_637,136463,171346,51906,141521,531393,111270
Company_638,121466,212707,59413,159251,426780,64881
Company_639,94200,261875,39674,146906,378959,74903
Company_640,94098,167974,53979,161445,330060,83474
Company_641,113284,200726,68093,137576,548838,91796
Company_642,153380,242366,47819,145435,507717,71606
Company_643,114808,197610,41523,125251,486460,37504
Company_644,89937,213571,43479,149124,583341,100387
Company_645,115085,168128,39103,129724,538239,91407
Company_646,114545,212849,42152,122148,596978,53855
Company_647,66062,194385,46294,156466,416435,70886
Company_648,118914,229571,35944,155318,497926,103522
Company_649,115381,235621,50156,169571,402997,101716
Company_650,133924,277686,59022,139221,486237,94079
Company_651,156979,217388,40922,160201,485083,77358
Company_652,142531,209773,65192,163769,537596,81244
Company_653,114622,205831,55107,161119,502733,78036
Company_654,97869,189405,60305,129358,537404,96923
Company_655,171467,210154,43421,153734,542206,66862
Company_656,121184,191137,58545,159103,629295,67913
Company_657,120278,205053,39080,150179,481082,95154
Company_658,119517,239527,58902,97838,443538,79334
Company_659,123961,169803,51718,154012,514765,100677
Company_660,117112,234196,55532,205313,451863,69927
Company_661,108526,239513,38244,140999,588917,79178
Company_662,109062,196457,41049,131798,483006,66163
Company_663,119344,136344,55972,159333,466065,80110
Company_664,109131,181765,40516,157809,471721,57821
Company_665,105743,238909,54632,179818,543105,72685
Company_666,122128,199313,36328,118553,490535,58456
Company_667,114900,170020,58481,168284,461499,90408
Company_668,150079,184856,37674,164760,599921,90748
Company_669,66980,225218,55522,146446,448629,54046
Company_670,141830,216402,56256,158467,502133,100008
Company_671,144921,192832,43032,175736,539138,117461
Company_672,78532,188995,55820,171807,402119,80690
Company_673,113146,188247,52604,121424,528815,70383
Company_674,112571,172327,44611,170503,436693,122364
Company_675,91849,248461,39914,148382,549366,60215
Company_676,104443,190330,30373,151821,442240,80301
Company_677,97788,236514,53496,151829,541566,82694
Company_678,155045,245639,34351,146243,566349,100177
Company_679,138713,229949,50953,179792,551686,85396
Company_680,145431,187051,47365,147907,515078,72520
Company_681,134433,212111,56791,122011,486121,65732
Company_682,97418,199274,46979,140161,465414,74872
Company_683,109509,172888,46705,154467,588262,64896
Company_684,129787,209730,57318,180730,458030,80717
Company_685,95557,164628,53350,165077,437776,71537
Company_686,134259,235630,53161,128736,539922,57589
Company_687,115193,186061,54692,212129,452231,98827
Company_688,112503,206034,34644,156619,442996,72534
Company_689,134219,208498,57567,181884,413383,60977
Company_690,128885,192232,56124,146207,471025,77476
Company_691,112780,217600,39833,163333,495037,81025
Company_692,143186,185752,47559,170986,514585,53802
Company_693,98378,226138,49606,180454,557078,84974
Company_694,132318,159620,48655,176434,531613,64292
Company_695,131862,203791,53338,171804,488547,105665
Company_696,113809,258167,64313,142122,488108,87859
Company_697,126522,169990,60817,135706,530609,74001
Company_698,94977,179667,36877,158315,576354,68822
Company_699,138480,215417,56220,173328,507578,78425
Company_700,116301,205387,63289,144431,471852,89191
Company_701,109545,210518,53868,176629,440428,79617
Company_702,140980,214675,60909,186315,413287,76742
Company_703,105913,219041,70122,127091,539976,80875
Company_704,91830,233290,60237,129076,534678,70942
Company_705,88867,212294,52493,146490,534641,74851
Company_706,132120,192762,60450,157690,492280,48713
Company_707,94391,220177,51448,136885,584416,94605
Company_708,155095,256996,50239,183805,470952,84481
Company_709,78361,196020,46485,160601,557316,68398
Company_710,153929,170764,65634,150986,497675,108481
Company_711,124220,233212,41815,114102,463498,81305
Company_712,118065,196388,65323,117104,535551,64457
Company_713,109101,134819,54998,157025,524578,92851
Company_714,127982,225422,36006,96685,521418,85970
Company_715,119247,183940,53676,175315,504876,85918
Company_716,142066,197284,28999,146046,497726,73613
Company_717,122284,209959,56255,231077,643302,86757
Company_718,123006,205714,58852,207697,571055,76073
Company_719,112727,221283,44076,145463,543369,88339
Company_720,118861,186935,51235,147341,506707,51425
Company_721,126156,215393,69541,174889,560429,73491
Company_722,85796,192213,44942,192579,531079,105832
Company_723,93036,222164,39410,109049,501572,68493
Company_724,134865,218461,64816,105340,481786,70942
Company_725,123417,171936,69625,134449,495144,73280
Company_726,116320,232579,50036,164568,309774,61777
Company_727,120368,183921,60114,162421,512636,46875
Company_728,126951,224241,63414,176744,470691,76541
Company_729,109204,211018,42575,120007,595560,82037
Company_730,104433,255145,45146,92096,501160,79212
Company_731,123916,193296,62308,171450,428662,77826
Company_732,100432,189520,66850,129295,497007,80645
Company_733,128165,199417,55628,99537,437232,95342
Company_734,85948,190904,41201,153626,528404,77143
Company_735,140583,223998,69870,169829,517456,71388
Company_736,129451,151510,44690,146948,557470,75783
Company_737,125120,168389,46648,138553,452547,88690
Company_738,139653,167965,53423,146015,502040,101180
Company_739,153309,228509,65541,140735,418098,70577
Company_740,140287,251318,58539,116298,542089,81484
Company_741,83182,196866,54148,132132,531132,85075
Company_742,94408,194935,54632,163031,529748,65111
Company_743,107503,202101,50435,158041,500097,80306
Company_744,120521,234856,55581,154201,524886,58014
Company_745,130353,172179,24704,125121,596260,53464
Company_746,105485,207151,47033,145462,482894,85501
Company_747,123735,229255,52413,95573,508318,74241
Company_748,104892,215032,38489,154461,434832,83034
Company_749,107769,205687,53863,185721,447904,79731
Company_750,91866,230031,47955,113146,505868,65353
Company_751,101535,118903,67554,135351,566236,79321
Company_752,92966,220336,65730,158227,484623,61503
Company_753,100482,180377,45341,181321,485845,100864
Company_754,141072,145081,48491,138794,475586,59660
Company_755,101012,215336,49260,132693,467914,77063
Company_756,172647,241209,45483,100776,517698,64365
Company_757,129866,195876,51950,152585,410164,88556
Company_758,123696,228586,42417,201051,576856,75028
Company_759,102832,248368,38693,156933,460074,72219
Company_760,134006,239447,56227,149443,543314,92798
Company_761,108487,249198,56295,158052,423800,80441
Company_762,122440,222263,41956,149722,540130,87749
Company_763,171201,202263,58953,129674,540316,65280
Company_764,118078,151941,43684,170581,523052,58927
Company_765,142985,192618,52531,155644,440334,81608
Company_766,105936,174702,58203,150440,514972,75217
Company_767,119300,265128,49663,125615,429016,89396
Company_768,155416,194723,54547,182587,484834,78801
Company_769,107460,203696,44835,166617,561764,83076
Company_770,156248,216544,48035,136176,547802,55649
Company_771,134155,201308,47941,175045,500910,108326
Company_772,108750,250851,42534,137560,441511,77536
Company_773,132648,181320,48232,130449,538735,90463
Company_774,139451,205838,34513,131007,501162,67458
Company_775,132436,177725,45088,105723,360781,84620
Company_776,88595,160399,47151,161788,546957,60457
Company_777,105457,181646,47438,104221,498546,86781
Company_778,115049,198888,47585,119288,572147,74660
Company_779,118511,187120,49382,98110,434283,80437
Company_780,132413,179227,54794,147848,309397,90469
Company_781,123554,157810,58745,146241,516745,61511
Company_782,93293,197506,43502,141832,517493,69732
Company_783,127603,154858,37967,123935,398559,86859
Company_784,132211,222801,39579,120694,441290,111473
Company_785,131195,202473,45127,161609,665313,77928
Company_786,141615,156273,46480,136236,481663,88867
Company_787,136678,190723,42300,157908,543857,78395
Company_788,129183,177435,37038,127868,460960,109133
Company_789,118596,209575,45438,154526,374581,53791
Company_790,86780,240213,51814,182581,489784,81419
Company_791,128592,143744,55950,164654,484063,55616
Company_792,124153,203450,44425,139689,476007,42401
Company_793,125431,195196,45870,156429,493121,84461
Company_794,94465,220140,40733,143983,515856,82092
Company_795,98378,206395,49685,150197,490992,75727
Company_796,141063,177440,41515,141859,424159,78407
Company_797,119208,190428,55731,145891,529171,126474
Company_798,133630,176119,32141,155302,383037,76127
Company_799,120566,232280,46403,125166,376978,87651
Company_800,120595,200639,53011,124603,544350,70259
Company_801,138765,257035,51838,115286,530421,84428
Company_802,109679,198180,76930,109993,496556,76426
Company_803,121922,178747,53498,119567,416273,73842
Company_804,110754,154588,39959,153986,457525,107283
Company_805,111310,145905,49045,127680,484235,97657
Company_806,113816,152475,32237,162840,404246,82051
Company_807,124442,208013,49194,150867,455658,45436
Company_808,110425,215261,41669,100787,539139,74584
Company_809,145115,152564,59153,166374,585638,120545
Company_810,102107,226851,44504,170269,474833,76540
Company_811,116262,185508,48832,125153,545389,96548
Company_812,111205,204403,43644,160504,385156,101629
Company_813,148939,248366,67388,128587,539567,83284
Company_814,123931,226905,46787,152441,451763,67372
Company_815,140636,191944,68325,118387,518440,43470
Company_816,90288,173264,58141,105172,485134,90262
Company_817,125341,135445,54820,140429,579224,67778
Company_818,137792,178425,53687,146906,447533,82642
Company_819,121645,193666,53937,140058,537656,61252
Company_820,141309,170384,30723,120399,483229,76021
Company_821,109654,196062,47211,140002,490501,80505
Company_822,148186,202305,58451,156732,488968,84028
Company_823,165977,193254,49511,148877,449259,63277
Company_824,112743,180499,35948,154562,499154,97953
Company_825,111089,205059,49475,133247,496241,71046
Company_826,149067,213258,67041,179292,514474,54882
Company_827,151591,167288,62468,120595,505070,78364
Company_828,109542,242327,49379,162189,547879,80515
Company_829,111596,197042,59514,179547,555410,82408
Company_830,114364,200565,46334,162022,436962,100431
Company_831,93110,221246,32961,144936,552126,76453
Company_832,101626,206996,40755,136792,428819,78205
Company_833,99917,228594,65628,175902,535271,63452
Company_834,104644,208613,47260,114425,537184,92308
Company_835,119306,181626,47566,125746,385320,82764
Company_836,124684,210845,47001,140061,505578,73699
Company_837,151010,165688,69041,180941,471890,51429
Company_838,100032,203256,66259,159494,454474,101666
Company_839,139686,199003,72187,125798,581051,61584
Company_840,115720,193756,48409,142242,460779,71130
Company_841,119010,196143,52956,134641,451617,85375
Company_842,133496,143544,34833,132255,504541,62051
Company_843,97545,183538,64769,174472,541135,57597
Company_844,127648,202785,38322,115706,491501,48140
Company_845,123329,204795,52167,190219,569982,90814
Company_846,129849,169169,39026,170705,531858,71822
Company_847,125783,237971,44111,177271,369307,123909
Company_848,169106,174014,41627,138426,468231,65084
Company_849,107245,229083,43921,146251,466289,66178
Company_850,109380,212815,44608,114171,528761,71519
Company_851,107537,180613,44517,136883,342510,83647
Company_852,108890,253259,58333,162341,652940,72946
Company_853,107252,164190,38951,182401,531861,89184
Company_854,143780,227574,52205,122321,508932,65321
Company_855,148410,230017,62179,140862,570894,59276
Company_856,108585,179881,44868,146217,640619,53026
Company_857,103352,241773,42820,115105,552244,46646
Company_858,129428,192498,47694,164783,556928,72228
Company_859,108955,208660,61797,131900,507841,75485
Company_860,132658,207809,51941,145115,491508,70528
Company_861,124058,195970,44687,138701,471452,98651
Company_862,89685,224324,54838,130266,450433,98420
Company_863,150950,223804,38977,149823,458779,74977
Company_864,155917,147544,56813,144609,418966,53091
Company_865,107744,239130,54086,140703,495447,71499
Company_866,112245,150125,46921,131788,398919,71002
Company_867,125717,230976,41614,157988,511454,70142
Company_868,126689,233801,41133,191340,497820,69534
Company_869,133170,167271,55348,153497,508816,70198
Company_870,160204,187675,62289,174902,468672,74201
Company_871,116461,166828,43626,115244,684611,70466
Company_872,104034,193552,54583,153944,581606,83124
Company_873,92413,190758,29129,122565,425327,85405
Company_874,105381,223389,44153,113076,513972,66340
Company_875,119337,239309,49689,131515,463519,99065
Company_876,155891,241870,40903,179797,439131,65299
Company_877,109647,183134,40634,173750,419595,55732
Company_878,124475,193723,43322,156075,525933,85711
Company_879,119671,149496,52921,111682,459117,67738
Company_880,143767,175823,48126,145092,558069,84819
Company_881,170538,228945,27617,157542,559626,43944
Company_882,109382,248467,28792,154388,582434,100886
Company_883,110211,162969,43931,103905,448856,90084
Company_884,140883,182226,54576,127742,528521,57492
Company_885,133637,199207,22524,148398,537947,57818
Company_886,156934,208404,45002,163407,471549,105083
Company_887,131678,175711,44737,95096,453693,68939
Company_888,112814,212721,63883,145946,596571,67487
Company_889,131813,185784,46149,153576,513649,46009
Company_890,142174,199566,53829,171240,538158,74738
Company_891,136409,216388,51412,167321,450675,76584
Company_892,130145,200192,28694,164564,426842,90732
Company_893,141333,186908,57682,130001,465833,59013
Company_894,143385,196711,52153,102299,492558,57195
Company_895,147643,197349,55082,140173,436146,86764
Company_896,132974,188899,89262,175040,499409,95100
Company_897,116657,192236,29158,184836,398689,56432
Company_898,122934,247959,67246,167763,432797,96222
Company_899,144130,216827,47125,160733,540254,80563
Company_900,103661,191135,52873,159490,536227,96377
Company_901,127373,220908,49544,136097,476487,78946
Company_902,112133,189985,45757,146748,438934,42165
Company_903,120574,235193,44301,191726,438355,77720
Company_904,145569,211089,53295,126436,477603,95902
Company_905,123821,196780,34828,190369,538671,66593
Company_906,120928,213431,57505,141949,555694,74180
Company_907,92802,152873,45838,183135,470208,77357
Company_908,134925,166196,38699,114829,430790,36507
Company_909,132909,164182,45499,164647,516070,105070
Company_910,163265,204288,62571,131580,450587,66479
Company_911,113844,251975,44646,114618,468904,87586
Company_912,124383,266939,53584,155463,579516,78699
Company_913,124987,219141,42690,175236,549626,98864
Company_914,151549,215025,57579,128876,509478,86090
Company_915,118094,145968,56855,112524,423684,76476
Company_916,125580,183719,68486,147703,512683,66597
Company_917,132157,176366,48244,147814,563759,91967
Company_918,123732,181374,56686,163707,477461,51898
Company_919,111071,194955,50980,173739,581066,89688
Company_920,123881,185837,62958,148514,577564,63514
Company_921,141472,140621,42811,196387,599823,98784
Company_922,99469,222437,57450,155605,518314,82419
Company_923,122659,167817,48053,141339,535243,89661
Company_924,105997,207177,49358,109710,584851,81229
Company_925,143900,262222,50917,143433,526843,53714
Company_926,89536,172418,52522,141590,469925,67089
Company_927,108821,124091,48837,174007,473087,90085
Company_928,127544,191419,52147,161562,514313,82499
Company_929,151310,233028,65781,120515,422566,97714
Company_930,118684,258750,59854,154306,491404,86049
Company_931,108896,163113,58691,166788,565792,65499
Company_932,157623,214900,45444,188200,368524,68059
Company_933,91039,186040,41107,172187,592068,81543
Company_934,76023,196821,59553,169021,567342,45289
Company_935,128800,279330,58760,151502,472414,105101
Company_936,109958,154910,64726,159707,532603,86626
Company_937,99575,207612,43960,181237,500188,98405
Company_938,134167,214030,47704,116680,573799,56290
Company_939,124876,232573,33605,141264,558960,98668
Company_940,108718,202939,46075,130685,415995,113472
Company_941,94393,209241,59965,159478,535235,60186
Company_942,137449,188250,45335,180755,487662,91571
Company_943,133004,208073,56404,135075,504969,80016
Company_944,118016,189704,48094,90242,456309,56833
Company_945,156932,218647,53240,139694,604888,87393
Company_946,98598,188911,38523,172836,562403,92504
Company_947,89489,211313,50852,163440,455613,70983
Company_948,106161,199122,20088,160704,419923,97488
Company_949,119088,233781,48131,143000,476859,54998
Company_950,124866,198458,33695,118024,526070,57578
Company_951,115175,146809,62059,162882,514412,82048
Company_952,127041,237857,57774,129142,575187,80380
Company_953,94969,172828,54666,204602,547395,69251
Company_954,148875,180387,65210,164262,558174,92143
Company_955,118356,182130,40510,135483,519611,87963
Company_956,142345,241233,67473,134715,416642,92872
Company_957,126854,135929,59321,147676,488258,78152
Company_958,129135,294132,47634,144012,563605,89038
Company_959,131395,231681,61356,177920,496908,73315
Company_960,128954,206697,38937,154660,530185,110807
Company_961,132854,198353,41754,131709,480875,67811
Company_962,146583,208566,43914,197261,438211,111579
Company_963,123930,215633,44710,151232,492599,80523
Company_964,134180,219356,39434,169220,518542,59367
Company_965,118205,216668,62230,134794,460658,100521
Company_966,148802,202687,47411,159077,485857,81888
Company_967,106472,194079,53525,157777,443632,92766
Company_968,156018,195461,44296,102758,567154,98357
Company_969,119196,194152,31793,200381,482332,85069
Company_970,91384,234013,52700,182266,587165,71116
Company_971,122562,217806,30877,140070,591724,94635
Company_972,106378,111788,49313,122443,495137,80011
Company_973,136812,219677,36316,158689,439493,90287
Company_974,106947,205842,69872,152167,374846,47694
Company_975,111076,199438,59113,158891,411677,86704
Company_976,82209,188344,51057,154789,417569,70421
Company_977,110953,233723,62637,162656,582708,104799
Company_978,71522,228425,41536,186182,506949,89346
Company_979,88321,176813,55434,164202,523376,83597
Company_980,135208,212211,51998,123758,366774,87294
Company_981,135716,170850,52640,184064,428122,65023
Company_982,128509,158611,62723,191015,553224,104348
Company_983,100660,181198,57324,228801,517206,109870
Company_984,119045,225871,52887,121912,491167,85893
Company_985,119927,228593,33451,156072,533890,103856
Company_986,96832,215392,40399,97947,598147,71462
Company_987,150067,221752,48772,163828,486737,68043
Company_988,137547,215485,50933,136294,504162,80613
Company_989,115580,180755,38697,198086,511555,86524
Company_990,120537,212957,74116,130634,643526,74090
Company_991,124167,224012,65163,107770,374038,88066
Company_992,79165,222628,56021,138218,540993,84595
Company_993,115056,235667,50720,100612,493111,65025
Company_994,106360,221249,47877,168777,534006,87781
Company_995,99967,210543,40480,98372,460557,92952
Company_996,114377,232104,50774,150711,497062,82572
Company_997,155953,199204,52577,98054,542684,97289
Company_998,132816,173543,37582,141992,686774,61738
Company_999,108576,195107,53341,191084,548482,87019
Company_1000,131451,177652,48447,159016,449116,62445
